card_number,card_name,card_zip,card_id
5104 8582 4223 6235,Hedy E. Huff,63144,1
5431 2532 4652 2240,Yasir Briggs,92023,2
5360 1992 9947 8217,Brianna Z. Flynn,25831,3
5521 1486 1326 0658,Lara Holland,74490,4
549840 4143651356,Merritt Mckay,89358,5
5406 3843 0281 7660,Ira L. Sweeney,42405,6
5423 8648 6431 1193,Christen Gilliam,18974,7
534462 277633 6377,Serina Patrick,78356,8
539 61615 04777 948,Amanda I. Key,93087,9
5300376674152426,Aurelia Morrison,61271,10
5587818616404468,Jacob E. Good,10141,11
5174215135410655,Candice D. Weeks,95922,12
5127138550891415,Damian Gould,45540,13
519875 024970 7275,Madison X. Davidson,32035,14
513498 966366 1454,Carly M. Hopkins,22606,15
513283 570201 9760,Gisela Calderon,73131,16
5458 1637 9776 9991,Ira Osborne,19250,17
5586003474309148,Lee Alvarado,84962,18
521 22504 14604 557,Jakeem W. Clements,94364,19
553 83862 45198 422,Chava Q. Cote,75797,20
559 10919 40062 998,Lee M. Walker,20536,21
5590 3561 3039 0710,Tucker W. Levine,31596,22
552 61859 33568 183,Clark Smith,51470,23
5208 5555 0797 0319,Risa X. Johns,66554,24
531445 727143 7073,Tatiana Carrillo,20905,25
5191647612157921,Amethyst I. Cotton,95413,26
5233806184581831,Noelani Maynard,76021,27
557056 523169 4671,Jermaine B. Knight,13958,28
5333375301128461,Wallace Miller,65853,29
5137 3377 6413 5266,Colorado T. Frederick,94451,30
510711 318760 3149,Marny Maxwell,71866,31
512542 388952 4081,Nichole Armstrong,33763,32
5599740877503257,Oleg V. Ingram,57986,33
554487 5319685183,Chantale Curry,63540,34
511 21193 75286 616,Valentine C. Lindsay,78221,35
547189 7618705188,Martina Larson,83012,36
524782 878053 7409,Alexander A. Estrada,56732,37
5313 2767 1436 2735,Blake Perkins,37466,38
544331 5916507045,Kane E. Wilkerson,23320,39
5113295087009857,Amber M. Glenn,27328,40
5312398365653195,Callie J. Donovan,55531,41
553384 2341679629,Blaine Nolan,52992,42
551368 071230 5265,Maggy Singleton,69109,43
532 20698 82859 056,Kim Chan,13226,44
540886 1637821630,Ryder Steele,31302,45
549053 9806925577,Lavinia Love,99196,46
5181 1220 3836 5203,Raphael Tran,43223,47
523 07319 67680 456,Ava Carr,13509,48
536850 415734 9453,Yardley Buckley,21169,49
5283 6529 2474 2633,Winifred G. Gill,20652,50
517396 377591 0598,Jacob Ruiz,92158,51
510831 0338970869,Craig Malone,40590,52
543 08953 37061 206,Dean L. Burris,18620,53
5579 8908 3184 3374,Bree G. Newton,81616,54
5468603498931794,Brenda Downs,58365,55
512 39087 87596 688,Cherokee Hooper,38566,56
5350001295780335,Chaney E. Wilder,31497,57
5412302739357680,Carl Finch,87751,58
5539584792896278,Peter N. Bush,73388,59
547848 600186 2518,Michael F. Maxwell,13476,60
5527771721810223,Charity Knox,82254,61
5169 3753 0401 1069,Samuel Pittman,17548,62
5188 8221 9015 5374,Macaulay Guerrero,22518,63
522919 7748959184,Ursula Q. Duffy,35940,64
5509034906181940,Fatima Conner,96764,65
5492 3186 3040 2097,Thaddeus Kent,77815,66
535857 5830516934,Aretha K. Marks,60084,67
519362 390748 2330,Calvin A. Mayer,52886,68
5166 2308 3543 7452,Jaden Brooks,99214,69
530303 141259 3590,Mason Adams,10505,70
5113671452792360,Brennan M. Pollard,48089,71
5508977667381375,Duncan Copeland,69431,72
5409 4692 0883 1191,Hope D. Bass,11467,73
539 64033 41946 546,Tiger Terry,23025,74
551652 510541 6483,Kuame I. Craft,91014,75
5115 0214 5735 4279,September I. Olson,97487,76
5481017026236688,Prescott S. Montgomery,92407,77
5412977586233322,Dora Lowe,81289,78
5285733605657379,Dawn Walsh,38648,79
541 17774 63682 430,Mufutau Kent,23246,80
534527 247938 6185,Quentin Estes,91609,81
558291 553046 0348,Kevin N. Banks,12449,82
5517068855461648,Emerson Mills,87844,83
5156 4823 0001 4983,Jada Davis,32339,84
530 61793 84731 693,Kane J. Soto,55738,85
5528829962598755,Kadeem S. Fuentes,10074,86
554290 118781 7237,Nell M. Henry,15369,87
513375 550188 4413,Rebecca X. Walter,13392,88
5180612223765606,Claire Johns,66462,89
542 82313 04405 966,Fritz Mcknight,92946,90
5476 9586 4353 8823,Hayley L. Sanford,25056,91
522552 717449 4906,Hilda Sanchez,87774,92
515 78622 43119 875,Demetrius Gregory,38106,93
542 19298 97550 711,Elton M. Fields,95046,94
534 17415 88467 239,Herrod Farley,24997,95
5118165819161109,Nolan E. Curtis,28954,96
511 43073 84265 998,Maisie Justice,25850,97
543759 4250566324,Hedwig Watts,81184,98
5504815038040383,Deirdre B. Kirk,63555,99
537448 521416 6233,Bianca B. Nash,92808,100
